,US0001M Index
2012-01-02,
2012-01-03,0.2953
2012-01-04,0.2953
2012-01-05,0.2953
2012-01-06,0.2963
2012-01-09,0.2963
2012-01-10,0.2958
2012-01-11,0.2947
2012-01-12,0.2896
2012-01-13,0.2851
2012-01-16,0.2816
2012-01-17,0.281
2012-01-18,0.2809
2012-01-19,0.2789
2012-01-20,0.2773
2012-01-23,0.2763
2012-01-24,0.2753
2012-01-25,0.2728
2012-01-26,0.2705
2012-01-27,0.27
2012-01-30,0.26775
2012-01-31,0.26475
2012-02-01,0.264
2012-02-02,0.2625
2012-02-03,0.2605
2012-02-06,0.25975
2012-02-07,0.257
2012-02-08,0.25475
2012-02-09,0.2535
2012-02-10,0.2505
2012-02-13,0.2485
2012-02-14,0.2475
2012-02-15,0.246
2012-02-16,0.2455
2012-02-17,0.2455
2012-02-20,0.2455
2012-02-21,0.2455
2012-02-22,0.2445
2012-02-23,0.244
2012-02-24,0.244
2012-02-27,0.244
2012-02-28,0.244
2012-02-29,0.2435
2012-03-01,0.243
2012-03-02,0.24275
2012-03-05,0.24275
2012-03-06,0.24275
2012-03-07,0.24275
2012-03-08,0.24175
2012-03-09,0.24175
2012-03-12,0.24175
2012-03-13,0.24175
2012-03-14,0.24175
2012-03-15,0.24175
2012-03-16,0.24175
2012-03-19,0.24175
2012-03-20,0.24175
2012-03-21,0.24175
2012-03-22,0.24175
2012-03-23,0.24125
2012-03-26,0.24125
2012-03-27,0.24125
2012-03-28,0.24125
2012-03-29,0.24125
2012-03-30,0.24125
2012-04-02,0.24125
2012-04-03,0.24125
2012-04-04,0.24125
2012-04-05,0.24125
2012-04-10,0.24025
2012-04-11,0.24025
2012-04-12,0.24025
2012-04-13,0.23975
2012-04-16,0.23975
2012-04-17,0.23975
2012-04-18,0.23975
2012-04-19,0.23975
2012-04-20,0.23975
2012-04-23,0.23875
2012-04-24,0.23875
2012-04-25,0.23875
2012-04-26,0.23875
2012-04-27,0.23875
2012-04-30,0.23875
2012-05-02,0.23875
2012-05-03,0.23875
2012-05-04,0.23875
2012-05-07,
2012-05-08,0.23875
2012-05-09,0.23875
2012-05-10,0.23875
2012-05-11,0.23875
2012-05-14,0.23875
2012-05-15,0.23875
2012-05-16,0.23975
2012-05-17,0.23975
2012-05-18,0.23975
2012-05-21,0.23975
2012-05-22,0.23875
2012-05-23,0.23875
2012-05-24,0.23875
2012-05-25,0.23875
2012-05-28,0.23875
2012-05-29,0.23875
2012-05-30,0.23875
2012-05-31,0.23875
2012-06-01,0.23975
2012-06-04,
2012-06-05,
2012-06-06,0.24075
2012-06-07,0.24075
2012-06-08,0.24075
2012-06-11,0.24075
2012-06-12,0.24075
2012-06-13,0.24175
2012-06-14,0.24275
2012-06-15,0.24275
2012-06-18,0.24375
2012-06-19,0.24375
2012-06-20,0.24525
2012-06-21,0.24525
2012-06-22,0.24525
2012-06-25,0.24525
2012-06-26,0.24525
2012-06-27,0.24525
2012-06-28,0.24525
2012-06-29,0.24575
2012-07-02,0.24475
2012-07-03,0.24575
2012-07-04,0.24575
2012-07-05,0.24575
2012-07-06,0.24575
2012-07-09,0.24875
2012-07-10,0.24875
2012-07-11,0.24875
2012-07-12,0.24875
2012-07-13,0.24775
2012-07-16,0.24775
2012-07-17,0.24675
2012-07-18,0.24675
2012-07-19,0.24675
2012-07-20,0.24675
2012-07-23,0.2462
2012-07-24,0.2442
2012-07-25,0.2442
2012-07-26,0.2452
2012-07-27,0.2457
2012-07-30,0.2457
2012-07-31,0.2457
2012-08-01,0.2447
2012-08-02,0.24425
2012-08-03,0.24375
2012-08-06,0.24325
2012-08-07,0.24125
2012-08-08,0.24025
2012-08-09,0.23925
2012-08-10,0.23975
2012-08-13,0.2395
2012-08-14,0.2385
2012-08-15,0.238
2012-08-16,0.237
2012-08-17,0.237
2012-08-20,0.236
2012-08-21,0.2375
2012-08-22,0.2365
2012-08-23,0.2355
2012-08-24,0.2345
2012-08-27,
2012-08-28,0.2335
2012-08-29,0.2315
2012-08-30,0.2305
2012-08-31,0.2305
2012-09-03,0.2305
2012-09-04,0.22825
2012-09-05,0.228
2012-09-06,0.2275
2012-09-07,0.228
2012-09-10,0.228
2012-09-11,0.22675
2012-09-12,0.22375
2012-09-13,0.22075
2012-09-14,0.22
2012-09-17,0.219
2012-09-18,0.2185
2012-09-19,0.2185
2012-09-20,0.2165
2012-09-21,0.2165
2012-09-24,0.2165
2012-09-25,0.2155
2012-09-26,0.2155
2012-09-27,0.2145
2012-09-28,0.21425
2012-10-01,0.2135
2012-10-02,0.2145
2012-10-03,0.2185
2012-10-04,0.2185
2012-10-05,0.2185
2012-10-08,0.2175
2012-10-09,0.2155
2012-10-10,0.214
2012-10-11,0.214
2012-10-12,0.214
2012-10-15,0.214
2012-10-16,0.2132
2012-10-17,0.2117
2012-10-18,0.2107
2012-10-19,0.2107
2012-10-22,0.2107
2012-10-23,0.2107
2012-10-24,0.2105
2012-10-25,0.211
2012-10-26,0.212
2012-10-29,0.212
2012-10-30,0.212
2012-10-31,0.212
2012-11-01,0.21
2012-11-02,0.209
2012-11-05,0.208
2012-11-06,0.209
2012-11-07,0.209
2012-11-08,0.209
2012-11-09,0.209
2012-11-12,0.2085
2012-11-13,0.208
2012-11-14,0.2075
2012-11-15,0.2075
2012-11-16,0.2075
2012-11-19,0.2075
2012-11-20,0.2075
2012-11-21,0.2075
2012-11-22,0.2075
2012-11-23,0.2085
2012-11-26,0.209
2012-11-27,0.209
2012-11-28,0.209
2012-11-29,0.2135
2012-11-30,0.2145
2012-12-03,0.215
2012-12-04,0.213
2012-12-05,0.213
2012-12-06,0.213
2012-12-07,0.212
2012-12-10,0.212
2012-12-11,0.211
2012-12-12,0.209
2012-12-13,0.209
2012-12-14,0.209
2012-12-17,0.21
2012-12-18,0.2107
2012-12-19,0.2107
2012-12-20,0.2107
2012-12-21,0.2097
2012-12-24,0.2097
2012-12-27,0.2117
2012-12-28,0.2097
2012-12-31,0.2087
2013-01-02,0.2077
2013-01-03,0.2077
2013-01-04,0.2077
2013-01-07,0.2077
2013-01-08,0.2077
2013-01-09,0.2067
2013-01-10,0.2057
2013-01-11,0.2057
2013-01-14,0.2057
2013-01-15,0.2057
2013-01-16,0.2057
2013-01-17,0.2047
2013-01-18,0.2047
2013-01-21,0.2047
2013-01-22,0.2047
2013-01-23,0.2037
2013-01-24,0.2037
2013-01-25,0.2037
2013-01-28,0.2027
2013-01-29,0.2017
2013-01-30,0.2017
2013-01-31,0.1997
2013-02-01,0.1992
2013-02-04,0.1982
2013-02-05,0.1992
2013-02-06,0.1992
2013-02-07,0.1992
2013-02-08,0.2002
2013-02-11,0.2022
2013-02-12,0.2012
2013-02-13,0.2012
2013-02-14,0.2017
2013-02-15,0.2022
2013-02-18,0.2007
2013-02-19,0.2017
2013-02-20,0.2017
2013-02-21,0.2017
2013-02-22,0.2027
2013-02-25,0.2027
2013-02-26,0.2037
2013-02-27,0.2037
2013-02-28,0.2037
2013-03-01,0.2037
2013-03-04,0.2052
2013-03-05,0.2032
2013-03-06,0.2022
2013-03-07,0.2022
2013-03-08,0.2022
2013-03-11,0.2022
2013-03-12,0.2032
2013-03-13,0.2032
2013-03-14,0.2032
2013-03-15,0.2032
2013-03-18,0.2032
2013-03-19,0.2037
2013-03-20,0.2047
2013-03-21,0.2042
2013-03-22,0.2042
2013-03-25,0.2042
2013-03-26,0.2037
2013-03-27,0.2037
2013-03-28,0.2037
2013-04-02,0.2027
2013-04-03,0.2017
2013-04-04,0.2003
2013-04-05,0.2003
2013-04-08,0.2003
2013-04-09,0.1993
2013-04-10,0.1993
2013-04-11,0.1987
2013-04-12,0.1997
2013-04-15,0.1997
2013-04-16,0.2002
2013-04-17,0.1992
2013-04-18,0.1992
2013-04-19,0.1992
2013-04-22,0.1992
2013-04-23,0.2002
2013-04-24,0.1982
2013-04-25,0.1982
2013-04-26,0.1982
2013-04-29,0.1982
2013-04-30,0.1982
2013-05-02,0.1982
2013-05-03,0.1982
2013-05-06,
2013-05-07,0.1992
2013-05-08,0.1992
2013-05-09,0.1992
2013-05-10,0.1992
2013-05-13,0.1992
2013-05-14,0.1982
2013-05-15,0.1982
2013-05-16,0.1982
2013-05-17,0.19678
2013-05-20,0.19618
2013-05-21,0.19628
2013-05-22,0.19528
2013-05-23,0.19328
2013-05-24,0.19328
2013-05-27,
2013-05-28,0.19278
2013-05-29,0.19378
2013-05-30,0.19378
2013-05-31,0.19428
2013-06-03,0.19398
2013-06-04,0.19328
2013-06-05,0.19328
2013-06-06,0.19288
2013-06-07,0.19238
2013-06-10,0.1925
2013-06-11,0.1925
2013-06-12,0.1925
2013-06-13,0.1925
2013-06-14,0.1925
2013-06-17,0.1916
2013-06-18,0.1916
2013-06-19,0.1916
2013-06-20,0.193
2013-06-21,0.193
2013-06-24,0.19535
2013-06-25,0.19435
2013-06-26,0.19535
2013-06-27,0.19505
2013-06-28,0.19465
2013-07-01,0.1958
2013-07-02,0.19528
2013-07-03,0.19478
2013-07-04,0.19478
2013-07-05,0.19478
2013-07-08,0.19278
2013-07-09,0.19276
2013-07-10,0.19213
2013-07-11,0.19103
2013-07-12,0.19193
2013-07-15,0.19193
2013-07-16,0.19053
2013-07-17,0.19153
2013-07-18,0.19153
2013-07-19,0.19103
2013-07-22,0.19053
2013-07-23,0.19003
2013-07-24,0.18933
2013-07-25,0.18643
2013-07-26,0.18643
2013-07-29,0.18643
2013-07-30,0.18723
2013-07-31,0.18673
2013-08-01,0.18593
2013-08-02,0.18593
2013-08-05,0.18603
2013-08-06,0.18503
2013-08-07,0.18503
2013-08-08,0.18503
2013-08-09,0.18456
2013-08-12,0.18456
2013-08-13,0.18406
2013-08-14,0.18406
2013-08-15,0.18406
2013-08-16,0.18406
2013-08-19,0.18356
2013-08-20,0.18286
2013-08-21,0.18336
2013-08-22,0.18406
2013-08-23,0.18406
2013-08-26,
2013-08-27,0.18256
2013-08-28,0.18206
2013-08-29,0.18256
2013-08-30,0.18206
2013-09-02,0.18256
2013-09-03,0.18206
2013-09-04,0.1817
2013-09-05,0.1819
2013-09-06,0.1819
2013-09-09,0.1819
2013-09-10,0.1814
2013-09-11,0.1824
2013-09-12,0.1823
2013-09-13,0.1802
2013-09-16,0.17925
2013-09-17,0.1805
2013-09-18,0.18
2013-09-19,0.17925
2013-09-20,0.1795
2013-09-23,0.17885
2013-09-24,0.1798
2013-09-25,0.17905
2013-09-26,0.17905
2013-09-27,0.17965
2013-09-30,0.17885
2013-10-01,0.178
2013-10-02,0.17575
2013-10-03,0.1743
2013-10-04,0.1733
2013-10-07,0.1738
2013-10-08,0.174
2013-10-09,0.17725
2013-10-10,0.174
2013-10-11,0.174
2013-10-14,0.1755
2013-10-15,0.17375
2013-10-16,0.1755
2013-10-17,0.1725
2013-10-18,0.172
2013-10-21,0.17
2013-10-22,0.17
2013-10-23,0.1702
2013-10-24,0.171
2013-10-25,0.1686
2013-10-28,0.1681
2013-10-29,0.168
2013-10-30,0.168
2013-10-31,0.168
2013-11-01,0.1685
2013-11-04,0.1685
2013-11-05,0.1685
2013-11-06,0.1685
2013-11-07,0.1675
2013-11-08,0.1685
2013-11-11,0.1685
2013-11-12,0.1685
2013-11-13,0.1677
2013-11-14,0.1675
2013-11-15,0.1675
2013-11-18,0.168
2013-11-19,0.167
2013-11-20,0.1665
2013-11-21,0.166
2013-11-22,0.1655
2013-11-25,0.164
2013-11-26,0.164
2013-11-27,0.165
2013-11-28,0.16875
2013-11-29,0.16825
2013-12-02,0.16825
2013-12-03,0.1675
2013-12-04,0.1685
2013-12-05,0.16785
2013-12-06,0.1695
2013-12-09,0.1706
2013-12-10,0.16935
2013-12-11,0.16735
2013-12-12,0.1666
2013-12-13,0.164
2013-12-16,0.165
2013-12-17,0.1663
2013-12-18,0.1668
2013-12-19,0.1645
2013-12-20,0.164
2013-12-23,0.1646
2013-12-24,0.167
2013-12-27,0.169
2013-12-30,0.1702
2013-12-31,0.1677
2014-01-02,0.1683
2014-01-03,0.1647
2014-01-06,0.1625
2014-01-07,0.1615
2014-01-08,0.161
2014-01-09,0.1603
2014-01-10,0.1604
2014-01-13,0.16
2014-01-14,0.159
2014-01-15,0.1587
2014-01-16,0.157
2014-01-17,0.157
2014-01-20,0.157
2014-01-21,0.157
2014-01-22,0.158
2014-01-23,0.158
2014-01-24,0.1612
2014-01-27,0.1585
2014-01-28,0.159
2014-01-29,0.1595
2014-01-30,0.1585
2014-01-31,0.1565
2014-02-03,0.1571
2014-02-04,0.1575
2014-02-05,0.1575
2014-02-06,0.1565
2014-02-07,0.1555
2014-02-10,0.15475
2014-02-11,0.15425
2014-02-12,0.1535
2014-02-13,0.1545
2014-02-14,0.1545
2014-02-17,0.1535
2014-02-18,0.154
2014-02-19,0.1545
2014-02-20,0.1555
2014-02-21,0.1555
2014-02-24,0.1545
2014-02-25,0.1545
2014-02-26,0.1545
2014-02-27,0.1545
2014-02-28,0.1555
2014-03-03,0.1553
2014-03-04,0.1565
2014-03-05,0.1556
2014-03-06,0.1544
2014-03-07,0.1565
2014-03-10,0.155
2014-03-11,0.1558
2014-03-12,0.1555
2014-03-13,0.155
2014-03-14,0.15645
2014-03-17,0.1562
2014-03-18,0.15675
2014-03-19,0.15755
2014-03-20,0.1545
2014-03-21,0.15425
2014-03-24,0.15425
2014-03-25,0.15375
2014-03-26,0.153
2014-03-27,0.1525
2014-03-28,0.15175
2014-03-31,0.152
2014-04-01,0.151
2014-04-02,0.152
2014-04-03,0.1525
2014-04-04,0.1525
2014-04-07,0.152
2014-04-08,0.1504
2014-04-09,0.1509
2014-04-10,0.1525
2014-04-11,0.1522
2014-04-14,0.1517
2014-04-15,0.1514
2014-04-16,0.152
2014-04-17,0.1522
2014-04-22,0.1523
2014-04-23,0.1523
2014-04-24,0.1518
2014-04-25,0.152
2014-04-28,0.1503
2014-04-29,0.1515
2014-04-30,0.1505
2014-05-02,0.1515
2014-05-05,
2014-05-06,0.1505
2014-05-07,0.1515
2014-05-08,0.15025
2014-05-09,0.1516
2014-05-12,0.1511
2014-05-13,0.1511
2014-05-14,0.1511
2014-05-15,0.151
2014-05-16,0.14925
2014-05-19,0.1485
2014-05-20,0.14775
2014-05-21,0.1485
2014-05-22,0.15
2014-05-23,0.1505
2014-05-26,
2014-05-27,0.1505
2014-05-28,0.15
2014-05-29,0.151
2014-05-30,0.151
2014-06-02,0.151
2014-06-03,0.1509
2014-06-04,0.152
2014-06-05,0.151
2014-06-06,0.1535
2014-06-09,0.15225
2014-06-10,0.152
2014-06-11,0.15125
2014-06-12,0.15175
2014-06-13,0.15425
2014-06-16,0.154
2014-06-17,0.155
2014-06-18,0.153
2014-06-19,0.15325
2014-06-20,0.154
2014-06-23,0.152
2014-06-24,0.1515
2014-06-25,0.151
2014-06-26,0.1495
2014-06-27,0.1515
2014-06-30,0.1552
2014-07-01,0.1552
2014-07-02,0.1555
2014-07-03,0.1555
2014-07-04,0.1534
2014-07-07,0.1534
2014-07-08,0.1525
2014-07-09,0.15275
2014-07-10,0.1515
2014-07-11,0.152
2014-07-14,0.152
2014-07-15,0.1542
2014-07-16,0.15545
2014-07-17,0.1562
2014-07-18,0.15425
2014-07-21,0.15475
2014-07-22,0.15525
2014-07-23,0.155
2014-07-24,0.15425
2014-07-25,0.156
2014-07-28,0.155
2014-07-29,0.155
2014-07-30,0.1558
2014-07-31,0.156
2014-08-01,0.156
2014-08-04,0.1569
2014-08-05,0.1585
2014-08-06,0.1588
2014-08-07,0.157
2014-08-08,0.156
2014-08-11,0.1555
2014-08-12,0.156
2014-08-13,0.155
2014-08-14,0.155
2014-08-15,0.1555
2014-08-18,0.1555
2014-08-19,0.1555
2014-08-20,0.155
2014-08-21,0.155
2014-08-22,0.155
2014-08-25,
2014-08-26,0.156
2014-08-27,0.1567
2014-08-28,0.1545
2014-08-29,0.157
2014-09-01,0.1565
2014-09-02,0.1565
2014-09-03,0.1561
2014-09-04,0.1561
2014-09-05,0.1528
2014-09-08,0.1535
2014-09-09,0.1535
2014-09-10,0.1535
2014-09-11,0.1536
2014-09-12,0.1536
2014-09-15,0.1536
2014-09-16,0.1535
2014-09-17,0.153
2014-09-18,0.1535
2014-09-19,0.154
2014-09-22,0.1545
2014-09-23,0.1545
2014-09-24,0.1535
2014-09-25,0.1515
2014-09-26,0.154
2014-09-29,0.1525
2014-09-30,0.1565
2014-10-01,0.152
2014-10-02,0.152
2014-10-03,0.153
2014-10-06,0.153
2014-10-07,0.1525
2014-10-08,0.1518
2014-10-09,0.1527
2014-10-10,0.1528
2014-10-13,0.1533
2014-10-14,0.1518
2014-10-15,0.1535
2014-10-16,0.157
2014-10-17,0.1572
2014-10-20,0.1557
2014-10-21,0.153
2014-10-22,0.153
2014-10-23,0.152
2014-10-24,0.152
2014-10-27,0.1525
2014-10-28,0.1535
2014-10-29,0.154
2014-10-30,0.1567
2014-10-31,0.1559
2014-11-03,0.1555
2014-11-04,0.1555
2014-11-05,0.1555
2014-11-06,0.1555
2014-11-07,0.1573
2014-11-10,0.1543
2014-11-11,0.1533
2014-11-12,0.1528
2014-11-13,0.1547
2014-11-14,0.153
2014-11-17,0.154
2014-11-18,0.155
2014-11-19,0.155
2014-11-20,0.155
2014-11-21,0.15525
2014-11-24,0.1535
2014-11-25,0.15625
2014-11-26,0.15575
2014-11-27,0.155
2014-11-28,0.154
2014-12-01,0.15775
2014-12-02,0.15825
2014-12-03,0.157
2014-12-04,0.1572
2014-12-05,0.158
2014-12-08,0.1617
2014-12-09,0.1585
2014-12-10,0.1608
2014-12-11,0.1608
2014-12-12,0.161
2014-12-15,0.162
2014-12-16,0.162
2014-12-17,0.1641
2014-12-18,0.16545
2014-12-19,0.16425
2014-12-22,0.167
2014-12-23,0.1695
2014-12-24,0.16875
2014-12-29,0.16925
2014-12-30,0.1695
2014-12-31,0.17125
2015-01-02,0.1675
2015-01-05,0.168
2015-01-06,0.16775
2015-01-07,0.1665
2015-01-08,0.16625
2015-01-09,0.16675
2015-01-12,0.1665
2015-01-13,0.1665
2015-01-14,0.16825
2015-01-15,0.168
2015-01-16,0.168
2015-01-19,0.16875
2015-01-20,0.1685
2015-01-21,0.16675
2015-01-22,0.16825
2015-01-23,0.16775
2015-01-26,0.169
2015-01-27,0.168
2015-01-28,0.1705
2015-01-29,0.1709
2015-01-30,0.17125
2015-02-02,0.1695
2015-02-03,0.171
2015-02-04,0.1735
2015-02-05,0.171
2015-02-06,0.1715
2015-02-09,0.1722
2015-02-10,0.1717
2015-02-11,0.1717
2015-02-12,0.172
2015-02-13,0.173
2015-02-16,0.173
2015-02-17,0.1735
2015-02-18,0.1735
2015-02-19,0.1735
2015-02-20,0.1715
2015-02-23,0.171
2015-02-24,0.1715
2015-02-25,0.172
2015-02-26,0.1719
2015-02-27,0.173
2015-03-02,0.1727
2015-03-03,0.173
2015-03-04,0.175
2015-03-05,0.175
2015-03-06,0.175
2015-03-09,0.1765
2015-03-10,0.1779
2015-03-11,0.176
2015-03-12,0.1745
2015-03-13,0.1765
2015-03-16,0.177
2015-03-17,0.1775
2015-03-18,0.176
2015-03-19,0.17325
2015-03-20,0.174
2015-03-23,0.17375
2015-03-24,0.17275
2015-03-25,0.1756
2015-03-26,0.17775
2015-03-27,0.178
2015-03-30,0.17925
2015-03-31,0.17625
2015-04-01,0.17755
2015-04-02,0.17975
2015-04-07,0.18015
2015-04-08,0.18095
2015-04-09,0.18
2015-04-10,0.1785
2015-04-13,0.1815
2015-04-14,0.1825
2015-04-15,0.1804
2015-04-16,0.18055
2015-04-17,0.18025
2015-04-20,0.1805
2015-04-21,0.1815
2015-04-22,0.18175
2015-04-23,0.18125
2015-04-24,0.1815
2015-04-27,0.18125
2015-04-28,0.18425
2015-04-29,0.18025
2015-04-30,0.181
2015-05-04,
2015-05-05,0.1805
2015-05-06,0.18025
2015-05-07,0.1815
2015-05-08,0.18475
2015-05-11,0.1856
2015-05-12,0.1856
2015-05-13,0.1856
2015-05-14,0.18335
2015-05-15,0.1862
2015-05-18,0.184
2015-05-19,0.18675
2015-05-20,0.18475
2015-05-21,0.18475
2015-05-22,0.18485
2015-05-25,
2015-05-26,0.1863
2015-05-27,0.18535
2015-05-28,0.184
2015-05-29,0.184
2015-06-01,0.183
2015-06-02,0.1848
2015-06-03,0.185
2015-06-04,0.18405
2015-06-05,0.183
2015-06-08,0.1854
2015-06-09,0.1875
2015-06-10,0.18875
2015-06-11,0.1855
2015-06-12,0.18475
2015-06-15,0.18525
2015-06-16,0.185
2015-06-17,0.1875
2015-06-18,0.18675
2015-06-19,0.187
2015-06-22,0.187
2015-06-23,0.187
2015-06-24,0.1865
2015-06-25,0.186
2015-06-26,0.1866
2015-06-29,0.1866
2015-06-30,0.1865
2015-07-01,0.185
2015-07-02,0.18815
2015-07-03,0.1884
2015-07-06,0.1865
2015-07-07,0.1895
2015-07-08,0.1885
2015-07-09,0.1867
2015-07-10,0.186
2015-07-13,0.1873
2015-07-14,0.187
2015-07-15,0.186
2015-07-16,0.188
2015-07-17,0.1905
2015-07-20,0.189
2015-07-21,0.185
2015-07-22,0.187
2015-07-23,0.1905
2015-07-24,0.189
2015-07-27,0.189
2015-07-28,0.1908
2015-07-29,0.18955
2015-07-30,0.1885
2015-07-31,0.19175
2015-08-03,0.1905
2015-08-04,0.19075
2015-08-05,0.1935
2015-08-06,0.1915
2015-08-07,0.19125
2015-08-10,0.19255
2015-08-11,0.19345
2015-08-12,0.194
2015-08-13,0.1976
2015-08-14,0.1996
2015-08-17,0.2046
2015-08-18,0.20275
2015-08-19,0.202
2015-08-20,0.2004
2015-08-21,0.1994
2015-08-24,0.1994
2015-08-25,0.19775
2015-08-26,0.198
2015-08-27,0.197
2015-08-28,0.19855
2015-08-31,
2015-09-01,0.2012
2015-09-02,0.2028
2015-09-03,0.2043
2015-09-04,0.19925
2015-09-07,0.2027
2015-09-08,0.203
2015-09-09,0.204
2015-09-10,0.20635
2015-09-11,0.20655
2015-09-14,0.209
2015-09-15,0.20725
2015-09-16,0.2128
2015-09-17,0.216
2015-09-18,0.1958
2015-09-21,0.195
2015-09-22,0.1956
2015-09-23,0.1939
2015-09-24,0.1943
2015-09-25,0.1943
2015-09-28,0.1936
2015-09-29,0.193
2015-09-30,0.193
2015-10-01,0.194
2015-10-02,0.1947
2015-10-05,0.19375
2015-10-06,0.1941
2015-10-07,0.19605
2015-10-08,0.19545
2015-10-09,0.19685
2015-10-12,0.19325
2015-10-13,0.19575
2015-10-14,0.199
2015-10-15,0.19675
2015-10-16,0.19425
2015-10-19,0.196
2015-10-20,0.1965
2015-10-21,0.1948
2015-10-22,0.19695
2015-10-23,0.1935
2015-10-26,0.19355
2015-10-27,0.19075
2015-10-28,0.1883
2015-10-29,0.193
2015-10-30,0.192
2015-11-02,0.19
2015-11-03,0.1922
2015-11-04,0.1932
2015-11-05,0.19475
2015-11-06,0.1945
2015-11-09,0.197
2015-11-10,0.1955
2015-11-11,0.19575
2015-11-12,0.197
2015-11-13,0.19725
2015-11-16,0.19925
2015-11-17,0.2025
2015-11-18,0.20675
2015-11-19,0.21325
2015-11-20,0.2115
2015-11-23,0.221
2015-11-24,0.225
2015-11-25,0.2315
2015-11-26,0.23275
2015-11-27,0.24375
2015-11-30,0.243
2015-12-01,0.24375
2015-12-02,0.251
2015-12-03,0.2686
2015-12-04,0.2755
2015-12-07,0.287
2015-12-08,0.2931
2015-12-09,0.3005
2015-12-10,0.317
2015-12-11,0.3305
2015-12-14,0.3445
2015-12-15,0.3505
2015-12-16,0.36
2015-12-17,0.4021
2015-12-18,0.413
2015-12-21,0.4195
2015-12-22,0.4175
2015-12-23,0.4216
2015-12-24,0.4219
2015-12-28,
2015-12-29,0.4239
2015-12-30,0.4275
2015-12-31,0.4295
2016-01-04,0.4225
2016-01-05,0.422
2016-01-06,0.4235
2016-01-07,0.4235
2016-01-08,0.4238
2016-01-11,0.424
2016-01-12,0.4245
2016-01-13,0.4255
2016-01-14,0.4255
2016-01-15,0.4255
2016-01-18,0.426
2016-01-19,0.425
2016-01-20,0.4253
2016-01-21,0.4265
2016-01-22,0.4255
2016-01-25,0.4306
2016-01-26,0.4306
2016-01-27,0.428
2016-01-28,0.4262
2016-01-29,0.425
2016-02-01,0.427
2016-02-02,0.4285
2016-02-03,0.4285
2016-02-04,0.4277
2016-02-05,0.4289
2016-02-08,0.42925
2016-02-09,0.4285
2016-02-10,0.4265
2016-02-11,0.427
2016-02-12,0.4305
2016-02-15,0.42925
2016-02-16,0.4295
2016-02-17,0.43005
2016-02-18,0.432
2016-02-19,0.4335
2016-02-22,0.4335
2016-02-23,0.4358
2016-02-24,0.4338
2016-02-25,0.4385
2016-02-26,0.4385
2016-02-29,0.4405
2016-03-01,0.43525
2016-03-02,0.4376
2016-03-03,0.4405
2016-03-04,0.438
2016-03-07,0.4405
2016-03-08,0.44185
2016-03-09,0.438
2016-03-10,0.4381
2016-03-11,0.4362
2016-03-14,0.4413
2016-03-15,0.44125
2016-03-16,0.4399
2016-03-17,0.4321
2016-03-18,0.4283
2016-03-21,0.4318
2016-03-22,0.4315
2016-03-23,0.433
2016-03-24,0.435
2016-03-29,0.4329
2016-03-30,0.434
2016-03-31,0.43725
2016-04-01,0.43735
2016-04-04,0.4402
2016-04-05,0.4385
2016-04-06,0.439
2016-04-07,0.43645
2016-04-08,0.4347
2016-04-11,0.4359
2016-04-12,0.43715
2016-04-13,0.43275
2016-04-14,0.43625
2016-04-15,0.43625
2016-04-18,0.43875
2016-04-19,0.44115
2016-04-20,0.44125
2016-04-21,0.43885
2016-04-22,0.43645
2016-04-25,0.43695
2016-04-26,0.4377
2016-04-27,0.4352
2016-04-28,0.4388
2016-04-29,0.43575
2016-05-02,
2016-05-03,0.4359
2016-05-04,0.4359
2016-05-05,0.43715
2016-05-06,0.4379
2016-05-09,0.43865
2016-05-10,0.4373
2016-05-11,0.43465
2016-05-12,0.43445
2016-05-13,0.43395
2016-05-16,0.4362
2016-05-17,0.4387
2016-05-18,0.43845
2016-05-19,0.443
2016-05-20,0.44325
2016-05-23,0.446
2016-05-24,0.4442
2016-05-25,0.4497
2016-05-26,0.45445
2016-05-27,0.45665
2016-05-30,
2016-05-31,0.46885
2016-06-01,0.46955
2016-06-02,0.46305
2016-06-03,0.4648
2016-06-06,0.44705
2016-06-07,0.4458
2016-06-08,0.4453
2016-06-09,0.44705
2016-06-10,0.44655
2016-06-13,0.44205
2016-06-14,0.4423
2016-06-15,0.44605
2016-06-16,0.44805
2016-06-17,0.4478
2016-06-20,0.44805
2016-06-21,0.4508
2016-06-22,0.45205
2016-06-23,0.4533
2016-06-24,0.4493
2016-06-27,0.4588
2016-06-28,0.4603
2016-06-29,0.46655
2016-06-30,0.46505
2016-07-01,0.46755
2016-07-04,0.46955
2016-07-05,0.4703
2016-07-06,0.47255
2016-07-07,0.4743
2016-07-08,0.4758
2016-07-11,0.47785
2016-07-12,0.47935
2016-07-13,0.48135
2016-07-14,0.4821
2016-07-15,0.4833
2016-07-18,0.48655
2016-07-19,0.4853
2016-07-20,0.4874
2016-07-21,0.4879
2016-07-22,0.4904
2016-07-25,0.4909
2016-07-26,0.49265
2016-07-27,0.49565
2016-07-28,0.4939
2016-07-29,0.4959
2016-08-01,0.4939
2016-08-02,0.4939
2016-08-03,0.4969
2016-08-04,0.4984
2016-08-05,0.5039
2016-08-08,0.5119
2016-08-09,0.51315
2016-08-10,0.51765
2016-08-11,0.50765
2016-08-12,0.50665
2016-08-15,0.50744
2016-08-16,0.50744
2016-08-17,0.51411
2016-08-18,0.51244
2016-08-19,0.52106
2016-08-22,0.52217
2016-08-23,0.52439
2016-08-24,0.51994
2016-08-25,0.52383
2016-08-26,0.52439
2016-08-29,
2016-08-30,0.52322
2016-08-31,0.52489
2016-09-01,0.52294
2016-09-02,0.52572
2016-09-05,0.51933
2016-09-06,0.51656
2016-09-07,0.51322
2016-09-08,0.51822
2016-09-09,0.52689
2016-09-12,0.52772
2016-09-13,0.52428
2016-09-14,0.52956
2016-09-15,0.53094
2016-09-16,0.53178
2016-09-19,0.53617
2016-09-20,0.54306
2016-09-21,0.54633
2016-09-22,0.52528
2016-09-23,0.52222
2016-09-26,0.52444
2016-09-27,0.52667
2016-09-28,0.52438
2016-09-29,0.52722
2016-09-30,0.53111
2016-10-03,0.52833
2016-10-04,0.52722
2016-10-05,0.52567
2016-10-06,0.52956
2016-10-07,0.529
2016-10-10,0.52956
2016-10-11,0.53067
2016-10-12,0.53456
2016-10-13,0.53456
2016-10-14,0.53567
2016-10-17,0.52789
2016-10-18,0.52567
2016-10-19,0.52456
2016-10-20,0.524
2016-10-21,0.534
2016-10-24,0.534
2016-10-25,0.53589
2016-10-26,0.53478
2016-10-27,0.53433
2016-10-28,0.53267
2016-10-31,0.53378
2016-11-01,0.53044
2016-11-02,0.532
2016-11-03,0.53256
2016-11-04,0.53533
2016-11-07,0.53533
2016-11-08,0.537
2016-11-09,0.53644
2016-11-10,0.53817
2016-11-11,0.53817
2016-11-14,0.54206
2016-11-15,0.55011
2016-11-16,0.55456
2016-11-17,0.56178
2016-11-18,0.566
2016-11-21,0.56778
2016-11-22,0.58422
2016-11-23,0.592
2016-11-24,0.60256
2016-11-25,0.60589
2016-11-28,0.60561
2016-11-29,0.61672
2016-11-30,0.62367
2016-12-01,0.6345
2016-12-02,0.64667
2016-12-05,0.65194
2016-12-06,0.64889
2016-12-07,0.65417
2016-12-08,0.66389
2016-12-09,0.68
2016-12-12,0.69472
2016-12-13,0.70389
2016-12-14,0.70728
2016-12-15,0.73622
2016-12-16,0.739
2016-12-19,0.744
2016-12-20,0.749
2016-12-21,0.755
2016-12-22,0.75611
2016-12-23,0.76111
2016-12-27,
2016-12-28,0.77
2016-12-29,0.77111
2016-12-30,0.77167
2017-01-02,
2017-01-03,0.77333
2017-01-04,0.76556
2017-01-05,0.76556
2017-01-06,0.76333
2017-01-09,0.76333
2017-01-10,0.765
2017-01-11,0.76722
2017-01-12,0.76722
2017-01-13,0.76833
2017-01-16,0.76778
2017-01-17,0.76944
2017-01-18,0.77667
2017-01-19,0.77639
2017-01-20,0.77528
2017-01-23,0.77111
2017-01-24,0.77333
2017-01-25,0.77611
2017-01-26,0.77611
2017-01-27,0.77833
2017-01-30,0.78
2017-01-31,0.77944
2017-02-01,0.78
2017-02-02,0.77667
2017-02-03,0.77556
2017-02-06,0.77528
2017-02-07,0.77278
2017-02-08,0.77167
2017-02-09,0.77056
2017-02-10,0.77111
2017-02-13,0.77
2017-02-14,0.77
2017-02-15,0.77222
2017-02-16,0.78056
2017-02-17,0.77944
2017-02-20,0.77722
2017-02-21,0.77944
2017-02-22,0.77944
2017-02-23,0.77833
2017-02-24,0.78056
2017-02-27,0.78444
2017-02-28,0.78889
2017-03-01,0.81056
2017-03-02,0.83
2017-03-03,0.83444
2017-03-06,0.84667
2017-03-07,0.85444
2017-03-08,0.85778
2017-03-09,0.88139
2017-03-10,0.89056
2017-03-13,0.91222
2017-03-14,0.92833
2017-03-15,0.94278
2017-03-16,0.97833
2017-03-17,0.97611
2017-03-20,0.97722
2017-03-21,0.97722
2017-03-22,0.98389
2017-03-23,0.98167
2017-03-24,0.98278
2017-03-27,0.98222
2017-03-28,0.98222
2017-03-29,0.98222
2017-03-30,0.98278
2017-03-31,0.98278
2017-04-03,0.98333
2017-04-04,0.98611
2017-04-05,0.98556
2017-04-06,0.98944
2017-04-07,0.99
2017-04-10,0.98833
2017-04-11,0.99
2017-04-12,0.99389
2017-04-13,0.99444
2017-04-18,0.99278
2017-04-19,0.99111
2017-04-20,0.98833
2017-04-21,0.99056
2017-04-24,0.99111
2017-04-25,0.99222
2017-04-26,0.99278
2017-04-27,0.995
2017-04-28,0.995
2017-05-02,0.99278
2017-05-03,0.99167
2017-05-04,0.99278
2017-05-05,0.99444
2017-05-08,0.99411
2017-05-09,0.98856
2017-05-10,0.98856
2017-05-11,0.98911
2017-05-12,0.99244
2017-05-15,1.00078
2017-05-16,0.99911
2017-05-17,1.00356
2017-05-18,1.00994
2017-05-19,1.01711
2017-05-22,1.02939
2017-05-23,1.02356
2017-05-24,1.03272
2017-05-25,1.04383
2017-05-26,1.04467
2017-05-29,
2017-05-30,1.0505
2017-05-31,1.06033
2017-06-01,1.07589
2017-06-02,1.08617
2017-06-05,1.08422
2017-06-06,1.08867
2017-06-07,1.096
2017-06-08,1.11711
2017-06-09,1.12711
2017-06-12,1.13933
2017-06-13,1.15889
2017-06-14,1.17167
2017-06-15,1.20944
2017-06-16,1.21222
2017-06-19,1.21389
2017-06-20,1.21556
2017-06-21,1.21556
2017-06-22,1.21611
2017-06-23,1.22
2017-06-26,1.22211
2017-06-27,1.22378
2017-06-28,1.22611
2017-06-29,1.22722
2017-06-30,1.22389
2017-07-03,1.22689
2017-07-04,1.22333
2017-07-05,1.22333
2017-07-06,1.22444
2017-07-07,1.22633
2017-07-10,1.22389
2017-07-11,1.22389
2017-07-12,1.22444
2017-07-13,1.22556
2017-07-14,1.22611
2017-07-17,1.22833
2017-07-18,1.22778
2017-07-19,1.22889
2017-07-20,1.22722
2017-07-21,1.23222
2017-07-24,1.23278
2017-07-25,1.23278
2017-07-26,1.23333
2017-07-27,1.23389
2017-07-28,1.23167
2017-07-31,1.23167
2017-08-01,1.23167
2017-08-02,1.23056
2017-08-03,1.23056
2017-08-04,1.22889
2017-08-07,1.22889
2017-08-08,1.23056
2017-08-09,1.22889
2017-08-10,1.22889
2017-08-11,1.22667
2017-08-14,1.22778
2017-08-15,1.22833
2017-08-16,1.22833
2017-08-17,1.23056
2017-08-18,1.2349999999999999
2017-08-21,1.23556
2017-08-22,1.23611
2017-08-23,1.23444
2017-08-24,1.23389
2017-08-25,1.23556
2017-08-28,
2017-08-29,1.23889
2017-08-30,1.23722
2017-08-31,1.23167
2017-09-01,1.23056
2017-09-04,1.23167
2017-09-05,1.23111
2017-09-06,1.23222
2017-09-07,1.2349999999999999
2017-09-08,1.23611
2017-09-11,1.23611
2017-09-12,1.23667
2017-09-13,1.23444
2017-09-14,1.23444
2017-09-15,1.23722
2017-09-18,1.23611
2017-09-19,1.23722
2017-09-20,1.23556
2017-09-21,1.23722
2017-09-22,1.23833
2017-09-25,1.23667
2017-09-26,1.23444
2017-09-27,1.2349999999999999
2017-09-28,1.2349999999999999
2017-09-29,1.23222
2017-10-02,1.23333
2017-10-03,1.2377799999999999
2017-10-04,1.2377799999999999
2017-10-05,1.2377799999999999
2017-10-06,1.2349999999999999
2017-10-09,1.23722
2017-10-10,1.2377799999999999
2017-10-11,1.23889
2017-10-12,1.23889
2017-10-13,1.23667
2017-10-16,1.23666
2017-10-17,1.23777
2017-10-18,1.23888
2017-10-19,1.23888
2017-10-20,1.23788
2017-10-23,1.23788
2017-10-24,1.23955
2017-10-25,1.23999
2017-10-26,1.24166
2017-10-27,1.24233
2017-10-30,1.24214
2017-10-31,1.24333
2017-11-01,1.24333
2017-11-02,1.24212
2017-11-03,1.24322
2017-11-06,1.24424
2017-11-07,1.24389
2017-11-08,1.24606
2017-11-09,1.24494
2017-11-10,1.24606
2017-11-13,1.25028
2017-11-14,1.2635
2017-11-15,1.266
2017-11-16,1.28267
2017-11-17,1.28719
2017-11-20,1.2941799999999999
2017-11-21,1.31287
2017-11-22,1.3275000000000001
2017-11-23,1.32862
2017-11-24,1.33756
2017-11-27,1.34676
2017-11-28,1.34978
2017-11-29,1.36069
2017-11-30,1.37188
2017-12-01,1.37938
2017-12-04,1.39181
2017-12-05,1.40319
2017-12-06,1.4068800000000001
2017-12-07,1.43185
2017-12-08,1.44438
2017-12-11,1.4595099999999999
2017-12-12,1.47195
2017-12-13,1.47703
2017-12-14,1.49078
2017-12-15,1.495
2017-12-18,1.5011299999999999
2017-12-19,1.51113
2017-12-20,1.53488
2017-12-21,1.55213
2017-12-22,1.56375
2017-12-27,1.569
2017-12-28,1.56775
2017-12-29,1.56425
2018-01-02,1.56175
2018-01-03,1.55688
2018-01-04,1.5550000000000002
2018-01-05,1.5525
2018-01-08,1.55375
2018-01-09,1.55375
2018-01-10,1.55375
2018-01-11,1.55945
2018-01-12,1.5594700000000001
2018-01-15,1.55614
2018-01-16,1.55613
2018-01-17,1.5575
2018-01-18,1.56118
2018-01-19,1.56128
2018-01-22,1.56014
2018-01-23,1.56135
2018-01-24,1.5613700000000001
2018-01-25,1.5669300000000002
2018-01-26,1.5677699999999999
2018-01-29,1.57345
2018-01-30,1.5747
2018-01-31,1.5796999999999999
2018-02-01,1.57946
2018-02-02,1.57957
2018-02-05,1.58007
2018-02-06,1.57926
2018-02-07,1.57932
2018-02-08,1.58077
2018-02-09,1.5832000000000002
2018-02-12,1.5875
2018-02-13,1.5875
2018-02-14,1.58813
2018-02-15,1.5899999999999999
2018-02-16,1.59375
2018-02-19,1.5956299999999999
2018-02-20,1.5956299999999999
2018-02-21,1.60251
2018-02-22,1.6207
2018-02-23,1.6312
2018-02-26,1.6480000000000001
2018-02-27,1.66418
2018-02-28,1.67007
2018-03-01,1.6862
2018-03-02,1.6905000000000001
2018-03-05,1.7017
2018-03-06,1.71131
2018-03-07,1.71794
2018-03-08,1.73957
2018-03-09,1.7503199999999999
2018-03-12,1.76495
2018-03-13,1.7766
2018-03-14,1.7863799999999999
2018-03-15,1.8082
2018-03-16,1.82207
2018-03-19,1.84067
2018-03-20,1.85382
2018-03-21,1.86125
2018-03-22,1.8715000000000002
2018-03-23,1.875
2018-03-26,1.8768799999999999
2018-03-27,1.8768799999999999
2018-03-28,1.8868800000000001
2018-03-29,1.88313
2018-04-03,1.8775
2018-04-04,1.89063
2018-04-05,1.89519
2018-04-06,1.89713
2018-04-09,1.89713
2018-04-10,1.89438
2018-04-11,1.8956300000000001
2018-04-12,1.89688
2018-04-13,1.8955
2018-04-16,1.89426
2018-04-17,1.8956300000000001
2018-04-18,1.89707
2018-04-19,1.89826
2018-04-20,1.89695
2018-04-23,1.89711
2018-04-24,1.89826
2018-04-25,1.89988
2018-04-26,1.90076
2018-04-27,1.90701
2018-04-30,1.9093200000000001
2018-05-02,1.91713
2018-05-03,1.9226999999999999
2018-05-04,1.9277
2018-05-07,
2018-05-08,1.92851
2018-05-09,1.92851
2018-05-10,1.91839
2018-05-11,1.91871
2018-05-14,1.9337499999999999
2018-05-15,1.93875
2018-05-16,1.935
2018-05-17,1.94775
2018-05-18,1.95275
2018-05-21,1.9612500000000002
2018-05-22,1.9653800000000001
2018-05-23,1.9596900000000002
2018-05-24,1.96827
2018-05-25,1.97563
2018-05-28,
2018-05-29,1.98031
2018-05-30,1.98246
2018-05-31,2.0007
2018-06-01,2.00468
2018-06-04,2.01297
2018-06-05,2.02454
2018-06-06,2.02961
2018-06-07,2.04638
2018-06-08,2.04617
2018-06-11,2.04738
2018-06-12,2.05725
2018-06-13,2.07325
2018-06-14,2.08506
2018-06-15,2.08494
2018-06-18,2.08375
2018-06-19,2.08788
2018-06-20,2.08363
2018-06-21,2.09113
2018-06-22,2.09775
2018-06-25,2.10288
2018-06-26,2.10188
2018-06-27,2.0935
2018-06-28,2.09213
2018-06-29,2.09025
2018-07-02,2.09994
2018-07-03,2.08588
2018-07-04,2.08725
2018-07-05,2.09713
2018-07-06,2.08625
2018-07-09,2.0775
2018-07-10,2.0665
2018-07-11,2.07425
2018-07-12,2.07163
2018-07-13,2.07325
2018-07-16,2.0785
2018-07-17,2.08175
2018-07-18,2.08625
2018-07-19,2.081
2018-07-20,2.069
2018-07-23,2.06363
2018-07-24,2.07013
2018-07-25,2.07688
2018-07-26,2.07163
2018-07-27,2.07675
2018-07-30,2.0815
2018-07-31,2.08138
2018-08-01,2.08213
2018-08-02,2.08019
2018-08-03,2.07931
2018-08-06,2.08256
2018-08-07,2.07113
2018-08-08,2.06344
2018-08-09,2.06731
2018-08-10,2.06675
2018-08-13,2.06269
2018-08-14,2.0635
2018-08-15,2.06
2018-08-16,2.07738
2018-08-17,2.0693799999999998
2018-08-20,2.067
2018-08-21,2.06588
2018-08-22,2.066
2018-08-23,2.06475
2018-08-24,2.07275
2018-08-27,
2018-08-28,2.07488
2018-08-29,2.07588
2018-08-30,2.10375
2018-08-31,2.11375
2018-09-03,2.1095
2018-09-04,2.12031
2018-09-05,2.1205
2018-09-06,2.13256
2018-09-07,2.1310000000000002
2018-09-10,2.13894
2018-09-11,2.14794
2018-09-12,2.13444
2018-09-13,2.15844
2018-09-14,2.1646900000000002
2018-09-17,2.16813
2018-09-18,2.16525
2018-09-19,2.18244
2018-09-20,2.21219
2018-09-21,2.21581
2018-09-24,2.21819
2018-09-25,2.23006
2018-09-26,2.24219
2018-09-27,2.2560000000000002
2018-09-28,2.26056
2018-10-01,2.26513
2018-10-02,2.27394
2018-10-03,2.27925
2018-10-04,2.28063
2018-10-05,2.27669
2018-10-08,2.28406
2018-10-09,2.28713
2018-10-10,2.28319
2018-10-11,2.2795
2018-10-12,2.27975
2018-10-15,2.2895
2018-10-16,2.28713
2018-10-17,2.282
2018-10-18,2.27963
2018-10-19,2.28188
2018-10-22,2.2865
2018-10-23,2.28138
2018-10-24,2.29406
2018-10-25,2.29494
2018-10-26,2.29669
2018-10-29,2.302
2018-10-30,2.29938
2018-10-31,2.30688
2018-11-01,2.31356
2018-11-02,2.31788
2018-11-05,2.316
2018-11-06,2.31688
2018-11-07,2.31531
2018-11-08,2.31844
2018-11-09,2.31438
2018-11-12,2.30663
2018-11-13,2.3064999999999998
2018-11-14,2.31038
2018-11-15,2.3025
2018-11-16,2.30088
2018-11-19,2.30025
2018-11-20,2.3055
2018-11-21,2.31513
2018-11-22,2.31488
2018-11-23,2.32188
2018-11-26,2.33675
2018-11-27,2.34931
2018-11-28,2.34463
2018-11-29,2.34925
2018-11-30,2.34694
2018-12-03,2.37888
2018-12-04,2.3795
2018-12-05,2.38325
2018-12-06,2.38694
2018-12-07,2.40019
2018-12-10,2.4205
2018-12-11,2.43238
2018-12-12,2.44013
2018-12-13,2.45513
2018-12-14,2.455
2018-12-17,2.46963
2018-12-18,2.47013
2018-12-19,2.47938
2018-12-20,2.50375
2018-12-21,2.50625
2018-12-24,2.50563
2018-12-27,2.52238
2018-12-28,2.51988
2018-12-31,2.50269
2019-01-02,2.50713
2019-01-03,2.51275
2019-01-04,2.52056
2019-01-07,2.51113
2019-01-08,2.5155
2019-01-09,2.51875
2019-01-10,2.51419
2019-01-11,2.50894
2019-01-14,2.51006
2019-01-15,2.5075
2019-01-16,2.51325
2019-01-17,2.503
2019-01-18,2.5060000000000002
2019-01-21,2.51225
2019-01-22,2.519
2019-01-23,2.51
2019-01-24,2.50188
2019-01-25,2.5
2019-01-28,2.50175
2019-01-29,2.4988799999999998
2019-01-30,2.50913
2019-01-31,2.51375
2019-02-01,2.5140000000000002
2019-02-04,2.51313
2019-02-05,2.51225
2019-02-06,2.51263
2019-02-07,2.51688
2019-02-08,2.50413
2019-02-11,2.49788
2019-02-12,2.49375
2019-02-13,2.48875
2019-02-14,2.48138
2019-02-15,2.48038
2019-02-18,2.48475
2019-02-19,2.48225
2019-02-20,2.48113
2019-02-21,2.48988
2019-02-22,2.48438
2019-02-25,2.47913
2019-02-26,2.493
2019-02-27,2.48925
2019-02-28,2.49038
2019-03-01,2.48188
2019-03-04,2.483
2019-03-05,2.48088
2019-03-06,2.49175
2019-03-07,2.49275
2019-03-08,2.4915
2019-03-11,2.4988799999999998
2019-03-12,2.48863
2019-03-13,2.48375
2019-03-14,2.48175
2019-03-15,2.48175
2019-03-18,2.48775
2019-03-19,2.48675
2019-03-20,2.49063
2019-03-21,2.4855
2019-03-22,2.4988799999999998
2019-03-25,2.48975
2019-03-26,2.4955
2019-03-27,2.49863
2019-03-28,2.5015
2019-03-29,2.4945
2019-04-01,2.49338
2019-04-02,2.47938
2019-04-03,2.47713
2019-04-04,2.4735
2019-04-05,2.47163
2019-04-08,2.48125
2019-04-09,2.484
2019-04-10,2.482
2019-04-11,2.47263
2019-04-12,2.47738
2019-04-15,2.47388
2019-04-16,2.47975
2019-04-17,2.48738
2019-04-18,2.48088
2019-04-23,2.47663
2019-04-24,2.48338
2019-04-25,2.4785
2019-04-26,2.48313
2019-04-29,2.48588
2019-04-30,2.4805
2019-05-02,2.46713
2019-05-03,2.46663
2019-05-06,
2019-05-07,2.4627499999999998
2019-05-08,2.45138
2019-05-09,2.45338
2019-05-10,2.449
2019-05-13,2.43963
2019-05-14,2.43763
2019-05-15,2.43238
2019-05-16,2.44063
2019-05-17,2.44188
2019-05-20,2.436
2019-05-21,2.42963
2019-05-22,2.437
2019-05-23,2.42975
2019-05-24,2.42813
2019-05-27,
2019-05-28,2.42938
2019-05-29,2.4385
2019-05-30,2.44
2019-05-31,2.4305
2019-06-03,2.42988
2019-06-04,2.42088
2019-06-05,2.4185
2019-06-06,2.41163
2019-06-07,2.41213
2019-06-10,2.41338
2019-06-11,2.41063
2019-06-12,2.40113
2019-06-13,2.39425
2019-06-14,2.38175
2019-06-17,2.39025
2019-06-18,2.38288
2019-06-19,2.38338
2019-06-20,2.40363
2019-06-21,2.40438
2019-06-24,2.40175
2019-06-25,2.40413
2019-06-26,2.40238
2019-06-27,2.40238
2019-06-28,2.398
2019-07-01,2.38775
2019-07-02,2.3795
2019-07-03,2.36
2019-07-04,2.36413
2019-07-05,2.3665
2019-07-08,2.37938
2019-07-09,2.36863
2019-07-10,2.36913
2019-07-11,2.325
2019-07-12,2.332
2019-07-15,2.31413
2019-07-16,2.30038
2019-07-17,2.29788
2019-07-18,2.2715
2019-07-19,2.26113
2019-07-22,2.26913
2019-07-23,2.266
2019-07-24,2.26175
2019-07-25,2.24113
2019-07-26,2.237
2019-07-29,2.23438
2019-07-30,2.22975
2019-07-31,2.22425
2019-08-01,2.24413
2019-08-02,2.2285
2019-08-05,2.223
2019-08-06,2.2127499999999998
2019-08-07,2.21125
2019-08-08,2.20088
2019-08-09,2.19425
2019-08-12,2.19525
2019-08-13,2.19513
2019-08-14,2.19738
2019-08-15,2.182
2019-08-16,2.17213
2019-08-19,2.16863
2019-08-20,2.17
2019-08-21,2.16663
2019-08-22,2.14525
2019-08-23,2.1395
2019-08-26,
2019-08-27,2.11588
2019-08-28,2.112
2019-08-29,2.10025
2019-08-30,2.089
2019-09-02,2.08188
2019-09-03,2.06688
2019-09-04,2.05725
2019-09-05,2.0421300000000002
2019-09-06,2.049
2019-09-09,2.0495
2019-09-10,2.03863
2019-09-11,2.03588
2019-09-12,2.0275
2019-09-13,2.02475
2019-09-16,2.04088
2019-09-17,2.057
2019-09-18,2.04425
2019-09-19,2.04588
2019-09-20,2.0365
2019-09-23,2.01838
2019-09-24,2.04588
2019-09-25,2.05363
2019-09-26,2.0435
2019-09-27,2.0315
2019-09-30,2.01563
2019-10-01,2.0108800000000002
2019-10-02,1.99725
2019-10-03,1.9895
2019-10-04,1.978
2019-10-07,1.94025
2019-10-08,1.93875
2019-10-09,1.9273799999999999
2019-10-10,1.9212500000000001
2019-10-11,1.9135
2019-10-14,1.8907500000000002
2019-10-15,1.88913
2019-10-16,1.8775
2019-10-17,1.84638
2019-10-18,1.85025
2019-10-21,1.823
2019-10-22,1.82175
2019-10-23,1.82275
2019-10-24,1.8042500000000001
2019-10-25,1.80488
2019-10-28,1.79963
2019-10-29,1.7858800000000001
2019-10-30,1.78138
2019-10-31,1.78488
2019-11-01,1.7742499999999999
2019-11-04,1.771
2019-11-05,1.7698800000000001
2019-11-06,1.755
2019-11-07,1.758
2019-11-08,1.759
2019-11-11,1.76325
2019-11-12,1.76163
2019-11-13,1.76538
2019-11-14,1.7625
2019-11-15,1.73325
2019-11-18,1.72363
2019-11-19,1.72163
2019-11-20,1.71563
2019-11-21,1.708
2019-11-22,1.70275
2019-11-25,1.6995
2019-11-26,1.70163
2019-11-27,1.69113
2019-11-28,1.7085
2019-11-29,1.69713
2019-12-02,1.69375
2019-12-03,1.70363
2019-12-04,1.71313
2019-12-05,1.71013
2019-12-06,1.71513
2019-12-09,1.71763
2019-12-10,1.73563
2019-12-11,1.7405
2019-12-12,1.73975
2019-12-13,1.73738
2019-12-16,1.74488
2019-12-17,1.76388
2019-12-18,1.76463
2019-12-19,1.78513
2019-12-20,1.77988
2019-12-23,1.792
2019-12-24,1.8047499999999999
2019-12-27,1.79938
2019-12-30,1.78088
2019-12-31,1.7625
2020-01-02,1.73438
2020-01-03,1.71425
2020-01-06,1.6921300000000001
2020-01-07,1.6989999999999998
2020-01-08,1.67713
2020-01-09,1.68363
2020-01-10,1.6766299999999998
2020-01-13,1.67625
2020-01-14,1.66963
2020-01-15,1.669
2020-01-16,1.65775
2020-01-17,1.65438
2020-01-20,1.6533799999999998
2020-01-21,1.6595
2020-01-22,1.65938
2020-01-23,1.6608800000000001
2020-01-24,1.6595
2020-01-27,1.6492499999999999
2020-01-28,1.65
2020-01-29,1.6452499999999999
2020-01-30,1.655
2020-01-31,1.66188
2020-02-03,1.6677499999999998
2020-02-04,1.66625
2020-02-05,1.66963
2020-02-06,1.67088
2020-02-07,1.66525
2020-02-10,1.65788
2020-02-11,1.6527500000000002
2020-02-12,1.6501299999999999
2020-02-13,1.6585
2020-02-14,1.65825
2020-02-17,1.64675
2020-02-18,1.647
2020-02-19,1.63938
2020-02-20,1.62888
2020-02-21,1.62675
2020-02-24,1.61613
2020-02-25,1.61263
2020-02-26,1.60338
2020-02-27,1.58113
2020-02-28,1.51525
2020-03-02,1.35575
2020-03-03,1.37675
2020-03-04,1.01625
2020-03-05,1.00513
2020-03-06,0.86263
2020-03-09,0.72488
2020-03-10,0.81138
2020-03-11,0.79663
2020-03-12,0.70463
2020-03-13,0.80013
2020-03-16,0.61163
2020-03-17,0.75
2020-03-18,0.77288
2020-03-19,0.92363
2020-03-20,0.9285
2020-03-23,0.94663
2020-03-24,0.92488
2020-03-25,0.95913
2020-03-26,0.94088
2020-03-27,0.98938
2020-03-30,0.9845
2020-03-31,0.99288
2020-04-01,1.01625
2020-04-02,0.98163
2020-04-03,0.98513
2020-04-06,0.92125
2020-04-07,0.8635
2020-04-08,0.82888
2020-04-09,0.814
2020-04-14,0.79413
2020-04-15,0.75075
2020-04-16,0.71825
2020-04-17,0.67275
2020-04-20,0.66738
2020-04-21,0.62463
2020-04-22,0.56975
2020-04-23,0.48725
2020-04-24,0.44088
2020-04-27,0.43763
2020-04-28,0.40363
2020-04-29,0.37013
2020-04-30,0.32963
2020-05-04,0.26275
2020-05-05,0.24725
2020-05-06,0.22163
2020-05-07,0.198
2020-05-08,
2020-05-11,0.19088
2020-05-12,0.18388
2020-05-13,0.18363
2020-05-14,0.18213
2020-05-15,0.17238
2012-05-01,0.23875
2013-05-01,0.1982
2014-05-01,0.1505
2015-05-01,0.18225
2018-05-01,1.90875
2019-05-01,2.48325
2020-05-01,0.30338
